{
  "w": [
    [
      -0.08296860650383878, 0.22001305074247138, -0.5007296038336263,
      -0.197683187141235, -0.35410957092028833, -0.40777980234921357,
      -0.313865944873101, -0.15448796789348956, -0.10367237028542138,
      0.03830074409895162, -0.08079773801598703, 0.18501758109065417,
      -0.29552993112303355, 0.37748218546585266, -0.4727802171030365,
      0.17040601950258308, -0.0827204208849527, 0.05860296421390984,
      -0.35963546088356774, -0.3023491865129617, 0.30038240154352747,
      0.4682630257660026, -0.18666215322936364, 0.19233027961035945,
      0.37628458695578587, 0.39462358794286356, -0.41549368445925416
    ]
  ],
  "b": [0.9981446241955751],
  "J": [0.7209181211719665]
}
